{
  "S_base": 0.7737931,
  "sigma_form": 0.06883008242704336,
  "sigma_mac": 0.05162256182028252,
  "p_sak": 0.05555555555555555,
  "lam_sak": 2.8333333333333335,
  "kalite": 0.7737931,
  "verim": 1.0,
  "stil": 0.9615384615384615,
  "UYUM": 0.8772811653846153,
  "ga90": 1.217,
  "ort_rating": 7.737931,
  "gol": 26,
  "asist": 5,
  "oynanan": 29,
  "dakika": 2292,
  "fb_gol_mac": 2.5,
  "sakatlik_episode": 6,
  "sakatlik_kacan": 17,
  "toplam_mac": 108,
  "perf_med": 0.7736656991261763,
  "kacan_ort": 5.3828,
  "ga_med": 40,
  "ga_lo": 30,
  "ga_hi": 50,
  "p20": 0.9959,
  "p30": 0.9065,
  "saglam": 0.641,
  "ga_mean": 39.778,
  "ga_std": 7.883191993095183
}